CURSO;UNIVERSIDAD;PETICION;GRADO;CENTRO;AREA;GENERAL
2022;ALMERIA;125504;ADMINISTRACION Y DIRECCION DE EMPRESAS;FACULTAD CIENCIAS ECONOMICAS Y EMPRESARIALES;SYJ;5,000
2022;ALMERIA;125601;ADMINISTRACION Y DIRECCION DE EMPRESAS + DERECHO;FACULTAD CIENCIAS ECONOMICAS Y EMPRESARIALES;SYJ;8,986
2022;ALMERIA;126702;BIOTECNOLOGIA;FACULTAD DE CIENCIAS EXPERIMENTALES;C;10,480
2022;ALMERIA;127005;CIENCIAS AMBIENTALES;FACULTAD DE CIENCIAS EXPERIMENTALES;C;5,000
2022;ALMERIA;127501;CIENCIAS DE LA ACTIVIDAD FISICA Y DEL DEPORTE;FACULTAD DE CIENCIAS DE LA EDUCACION;SYJ;11,211
2022;ALMERIA;129509;DERECHO;FACULTAD DE DERECHO;SYJ;5,000
2022;ALMERIA;129606;DERECHO + GESTION Y ADM. PUB.;FACULTAD DE DERECHO;SYJ;5,970
2022;ALMERIA;130005;ECONOMIA;FACULTAD CIENCIAS ECONOMICAS Y EMPRESARIALES;SYJ;5,000
2022;ALMERIA;130102;ECONOMIA + MATEMATICAS;FACULTAD DE CIENCIAS EXPERIMENTALES;SIN;11,828
2022;ALMERIA;145505;EDUCACION INFANTIL;FACULTAD DE CIENCIAS DE LA EDUCACION;SYJ;7,295
2022;ALMERIA;146509;EDUCACION PRIMARIA;FACULTAD DE CIENCIAS DE LA EDUCACION;SYJ;8,500
2022;ALMERIA;146800;EDUCACION PRIMARIA + EDUCACION INFANTIL;FACULTAD DE CIENCIAS DE LA EDUCACION;SYJ;8,650
2022;ALMERIA;102200;EDUCACION SOCIAL;FACULTAD DE CIENCIAS DE LA EDUCACION;SYJ;7,080
2022;ALMERIA;102502;ENFERMERIA;FACULTAD DE CIENCIAS DE LA SALUD;SD;11,810
2022;ALMERIA;134506;ESTUDIOS INGLESES;FACULTAD DE HUMANIDADES;AYH;5,000
2022;ALMERIA;134700;ESTUDIOS INGLESES + FILOLOGIA HISPANICA;FACULTAD DE HUMANIDADES;AYH;5,000
2022;ALMERIA;134001;FILOLOGIA HISPANICA;FACULTAD DE HUMANIDADES;AYH;5,000
2022;ALMERIA;102006;FINANZAS Y CONTABILIDAD;FACULTAD CIENCIAS ECONOMICAS Y EMPRESARIALES;SYJ;5,000
2022;ALMERIA;103506;FISIOTERAPIA;FACULTAD DE CIENCIAS DE LA SALUD;SD;11,141
2022;ALMERIA;104003;GESTION Y ADMINISTRACION PUBLICA;FACULTAD DE DERECHO;SYJ;5,000
2022;ALMERIA;137507;HISTORIA;FACULTAD DE HUMANIDADES;AYH;5,000
2022;ALMERIA;137701;HISTORIA + HUMANIDADES;FACULTAD DE HUMANIDADES;AYH;5,000
2022;ALMERIA;138500;HUMANIDADES;FACULTAD DE HUMANIDADES;AYH;5,000
2022;ALMERIA;122007;INGENIERIA AGRICOLA;ESCUELA SUPERIOR DE INGENIERIA;IYA;5,000
2022;ALMERIA;112508;INGENIERIA ELECTRICA;ESCUELA SUPERIOR DE INGENIERIA;IYA;5,000
2022;ALMERIA;113005;INGENIERIA ELECTRONICA INDUSTRIAL;ESCUELA SUPERIOR DE INGENIERIA;IYA;5,000
2022;ALMERIA;123507;INGENIERIA INFORMATICA;ESCUELA SUPERIOR DE INGENIERIA;IYA;7,995
2022;ALMERIA;113501;INGENIERIA MECANICA;ESCUELA SUPERIOR DE INGENIERIA;IYA;5,000
2022;ALMERIA;114009;INGENIERIA QUIMICA INDUSTRIAL;ESCUELA SUPERIOR DE INGENIERIA;IYA;5,000
2022;ALMERIA;149003;MARKETING E INVESTIGACION DE MERCADOS;FACULTAD CIENCIAS ECONOMICAS Y EMPRESARIALES;SYJ;7,026
2022;ALMERIA;139008;MATEMATICAS;FACULTAD DE CIENCIAS EXPERIMENTALES;C;11,783
2022;ALMERIA;139504;MEDICINA;FACULTAD DE CIENCIAS DE LA SALUD;SD;13,205
2022;ALMERIA;141500;PSICOLOGIA;FACULTAD DE PSICOLOGIA;SD;9,902
2022;ALMERIA;142504;QUIMICA;FACULTAD DE CIENCIAS EXPERIMENTALES;C;5,000
2022;ALMERIA;108008;RELACIONES LABORALES Y RECURSOS HUMANOS;FACULTAD DE DERECHO;SYJ;5,000
2022;ALMERIA;108519;TRABAJO SOCIAL;FACULTAD DE PSICOLOGIA;SYJ;6,613
2022;ALMERIA;108706;TURISMO;FACULTAD CIENCIAS ECONOMICAS Y EMPRESARIALES;SYJ;5,000
2022;CADIZ;225521;ADMINISTRACION Y DIRECCION DE EMPRESAS;FAC. CC. ECONOMICAS Y EMPRESARIALES (SEDE ALGECIRAS);SYJ;5,000
2022;CADIZ;225502;ADMINISTRACION Y DIRECCION DE EMPRESAS;FACULTAD DE CIENCIAS ECONOMICAS Y EMPRESARIALES;SYJ;5,000
2022;CADIZ;225517;ADMINISTRACION Y DIRECCION DE EMPRESAS;FAC. CIENCIAS. ECON. Y EMP. (SEDE JEREZ);SYJ;5,000
2022;CADIZ;225614;ADMINISTRACION Y DIRECCION DE EMPRESAS + DERECHO;FAC. CIENCIAS. ECON. Y EMP. (SEDE JEREZ);SYJ;5,000
2022;CADIZ;225901;ADMINISTRACION Y DIRECCION DE EMPRESAS + FINANZAS Y CONTABILIDAD;FACULTAD DE CIENCIAS ECONOMICAS Y EMPRESARIALES;SYJ;5,000
2022;CADIZ;224207;ARQUITECTURA NAVAL E INGENIERIA MARITIMA;ESCUELA DE INGENIERIA NAVAL Y OCEANICA;IYA;5,000
2022;CADIZ;226700;BIOTECNOLOGIA;FACULTAD DE CIENCIAS;C;11,846
2022;CADIZ;227003;CIENCIAS AMBIENTALES;FACULTAD DE CIENCIAS DEL MAR Y AMBIENTALES;C;5,000
2022;CADIZ;227100;CIENCIAS AMBIENTALES + CIENCIAS DEL MAR;FACULTAD DE CIENCIAS DEL MAR Y AMBIENTALES;C;5,000
2022;CADIZ;227501;CIENCIAS DE LA ACTIVIDAD FISICA Y DEL DEPORTE;FACULTAD DE CIENCIAS DE LA EDUCACION;SYJ;11,362
2022;CADIZ;228007;CIENCIAS DEL MAR;FACULTAD DE CIENCIAS DEL MAR Y AMBIENTALES;C;5,000
2022;CADIZ;228104;CIENCIAS DEL MAR + CIENCIAS AMBIENTALES;FACULTAD DE CIENCIAS DEL MAR Y AMBIENTALES;C;5,000
2022;CADIZ;292801;CRIMINOLOGIA Y SEGURIDAD;FACULTAD DE DERECHO;SYJ;10,100
2022;CADIZ;229507;DERECHO;FACULTAD DE DERECHO;SYJ;7,920
2022;CADIZ;229511;DERECHO;FACULTAD DE DERECHO (SEDE ALGECIRAS);SYJ;5,000
2022;CADIZ;292909;DERECHO + CRIMINOLOGIA Y SEGURIDAD;FACULTAD DE DERECHO;SYJ;11,468
2022;CADIZ;229906;DERECHO + RELACIONES LABORALES Y RECURSOS HUMANOS;FACULTAD DE DERECHO (SEDE ALGECIRAS);SYJ;5,000
2022;CADIZ;245503;EDUCACION INFANTIL;FACULTAD DE CIENCIAS DE LA EDUCACION;SYJ;8,420
2022;CADIZ;245518;EDUCACION INFANTIL;CENTRO MAGISTERIO  VIRGEN DE EUROPA  (ADSCRITO) (LA LINEA);SYJ;5,000
2022;CADIZ;246511;EDUCACION PRIMARIA;CENTRO MAGISTERIO  VIRGEN DE EUROPA  (ADSCRITO) (LA LINEA);SYJ;5,000
2022;CADIZ;246507;EDUCACION PRIMARIA;FACULTAD DE CIENCIAS DE LA EDUCACION;SYJ;9,721
2022;CADIZ;202515;ENFERMERIA;FACULTAD DE ENFERMERIA  (ALGECIRAS);SD;11,481
2022;CADIZ;202500;ENFERMERIA;FACULTAD DE ENFERMERIA Y FISIOTERAPIA;SD;12,030
2022;CADIZ;202549;ENFERMERIA;CENTRO UNIVERSITARIO DE ENFERMERIA  SALUS INFIRMORUM  (ADS);SD;11,297
2022;CADIZ;202534;ENFERMERIA;FACULTAD DE ENFERMERIA Y FISIOTERAPIA (JEREZ);SD;12,023
2022;CADIZ;297001;ENOLOGIA;FACULTAD DE CIENCIAS;C;5,000
2022;CADIZ;231503;ESTUDIOS ARABES E ISLAMICOS;FACULTAD DE FILOSOFIA Y LETRAS;AYH;5,000
2022;CADIZ;231600;ESTUDIOS ARABES E ISLAMICOS + ESTUDIOS INGLESES;FACULTAD DE FILOSOFIA Y LETRAS;AYH;9,460
2022;CADIZ;233004;ESTUDIOS FRANCESES;FACULTAD DE FILOSOFIA Y LETRAS;AYH;5,000
2022;CADIZ;233101;ESTUDIOS FRANCESES + ESTUDIOS INGLESES;FACULTAD DE FILOSOFIA Y LETRAS;AYH;7,040
2022;CADIZ;234504;ESTUDIOS INGLESES;FACULTAD DE FILOSOFIA Y LETRAS;AYH;5,000
2022;CADIZ;232000;FILOLOGIA CLASICA;FACULTAD DE FILOSOFIA Y LETRAS;AYH;5,000
2022;CADIZ;232108;FILOLOGIA CLASICA + ESTUDIOS INGLESES;FACULTAD DE FILOSOFIA Y LETRAS;AYH;5,000
2022;CADIZ;234008;FILOLOGIA HISPANICA;FACULTAD DE FILOSOFIA Y LETRAS;AYH;5,000
2022;CADIZ;234105;FILOLOGIA HISPANICA + ESTUDIOS INGLESES;FACULTAD DE FILOSOFIA Y LETRAS;AYH;10,915
2022;CADIZ;202004;FINANZAS Y CONTABILIDAD;FACULTAD DE CIENCIAS ECONOMICAS Y EMPRESARIALES;SYJ;5,000
2022;CADIZ;202101;FINANZAS Y CONTABILIDAD + RELACIONES LABORALES Y RECURSOS HUMANOS;FACULTAD DE CIENCIAS ECONOMICAS Y EMPRESARIALES;SYJ;5,000
2022;CADIZ;203504;FISIOTERAPIA;FACULTAD DE ENFERMERIA Y FISIOTERAPIA;SD;11,850
2022;CADIZ;204016;GESTION Y ADMINISTRACION PUBLICA;FACULTAD DE CIENCIAS SOCIALES Y DE LA COMUNICACION (JEREZ);SYJ;5,000
2022;CADIZ;237505;HISTORIA;FACULTAD DE FILOSOFIA Y LETRAS;AYH;6,256
2022;CADIZ;238509;HUMANIDADES;FACULTAD DE FILOSOFIA Y LETRAS;AYH;5,000
2022;CADIZ;221702;INGENIERIA AEROESPACIAL;ESCUELA SUPERIOR DE INGENIERIA;IYA;11,367
2022;CADIZ;222501;INGENIERIA CIVIL;ESCUELA POLITECNICA SUPERIOR (ALGECIRAS);IYA;5,000
2022;CADIZ;212525;INGENIERIA ELECTRICA;ESCUELA POLITECNICA SUPERIOR (ALGECIRAS);IYA;5,000
2022;CADIZ;212506;INGENIERIA ELECTRICA;ESCUELA SUPERIOR DE INGENIERIA;IYA;5,000
2022;CADIZ;212721;INGENIERIA ELECTRICA + ING. ELECTRONICA INDUSTRIAL;ESCUELA SUPERIOR DE INGENIERIA;IYA;5,000
2022;CADIZ;213003;INGENIERIA ELECTRONICA INDUSTRIAL;ESCUELA SUPERIOR DE INGENIERIA;IYA;5,000
2022;CADIZ;213022;INGENIERIA ELECTRONICA INDUSTRIAL;ESCUELA POLITECNICA SUPERIOR (ALGECIRAS);IYA;5,000
2022;CADIZ;211200;INGENIERIA EN DISENO INDUSTRIAL Y DESARROLLO DEL PRODUCTO;ESCUELA SUPERIOR DE INGENIERIA;IYA;6,974
2022;CADIZ;223013;INGENIERIA EN TECNOLOGIAS INDUSTRIALES;ESCUELA POLITECNICA SUPERIOR (ALGECIRAS);IYA;5,000
2022;CADIZ;223009;INGENIERIA EN TECNOLOGIAS INDUSTRIALES;ESCUELA SUPERIOR DE INGENIERIA;IYA;5,000
2022;CADIZ;223505;INGENIERIA INFORMATICA;ESCUELA SUPERIOR DE INGENIERIA;IYA;9,766
2022;CADIZ;213529;INGENIERIA MECANICA;ESCUELA POLITECNICA SUPERIOR (ALGECIRAS);IYA;5,000
2022;CADIZ;213501;INGENIERIA MECANICA;ESCUELA SUPERIOR DE INGENIERIA;IYA;7,105
2022;CADIZ;212808;INGENIERIA MECANICA + INGENIERIA ELECTRICA;ESCUELA SUPERIOR DE INGENIERIA;IYA;11,350
2022;CADIZ;211308;INGENIERIA MECANICA + INGENIERIA EN DISENO INDUSTRIAL Y DESARROLLO DEL PRODUCTO;ESCUELA SUPERIOR DE INGENIERIA;IYA;11,709
2022;CADIZ;224509;INGENIERIA QUIMICA;FACULTAD DE CIENCIAS;IYA;5,000
2022;CADIZ;224606;INGENIERIA QUIMICA + BIOTECNOLOGIA;FACULTAD DE CIENCIAS;SIN;12,013
2022;CADIZ;294507;INGENIERIA RADIOELECTRONICA;ESCUELA DE INGENIERIAS MARINA, NAUTICA Y RADIOELECTRICA;IYA;5,000
2022;CADIZ;295004;LINGUISTICA Y LENGUAS APLICADAS;FACULTAD DE FILOSOFIA Y LETRAS;AYH;5,000
2022;CADIZ;295104;LINGUISTICA Y LENGUAS APLICADAS + ESTUDIOS INGLESES;FACULTAD DE FILOSOFIA Y LETRAS;AYH;5,000
2022;CADIZ;293007;MARINA;ESCUELA DE INGENIERIAS MARINA, NAUTICA Y RADIOELECTRICA;IYA;5,000
2022;CADIZ;249109;MARKETING E INVESTIG. DE MERCADOS+TURISMO;FACULTAD DE CIENCIAS SOCIALES Y DE LA COMUNICACION (JEREZ);SYJ;5,000
2022;CADIZ;249001;MARKETING E INVESTIGACION DE MERCADOS;FACULTAD DE CIENCIAS SOCIALES Y DE LA COMUNICACION (JEREZ);SYJ;5,000
2022;CADIZ;239006;MATEMATICAS;FACULTAD DE CIENCIAS;C;11,925
2022;CADIZ;239103;MATEMATICAS + INGENIERIA INFORMATICA;FACULTAD DE CIENCIAS;SIN;12,717
2022;CADIZ;239502;MEDICINA;FACULTAD DE MEDICINA;SD;13,299
2022;CADIZ;293503;NAUTICA Y TRANSPORTE MARITIMO;ESCUELA DE INGENIERIAS MARINA, NAUTICA Y RADIOELECTRICA;IYA;7,188
2022;CADIZ;241509;PSICOLOGIA;FACULTAD DE CIENCIAS DE LA EDUCACION;SD;11,400
2022;CADIZ;242006;PUBLICIDAD Y RELACIONES PUBLICAS;FACULTAD DE CIENCIAS SOCIALES Y DE LA COMUNICACION (JEREZ);SYJ;8,000
2022;CADIZ;242200;PUBLICIDAD Y RELACIONES PUBLICAS + MARKETING E INVESTIGACION DE MERCADOS;FACULTAD DE CIENCIAS SOCIALES Y DE LA COMUNICACION (JEREZ);SYJ;11,350
2022;CADIZ;242103;PUBLICIDAD Y RELACIONES PUBLICAS + TURISMO;FACULTAD DE CIENCIAS SOCIALES Y DE LA COMUNICACION (JEREZ);SYJ;6,266
2022;CADIZ;242502;QUIMICA;FACULTAD DE CIENCIAS;C;5,000
2022;CADIZ;242804;QUIMICA + ENOLOGIA;FACULTAD DE CIENCIAS;C;5,000
2022;CADIZ;208006;RELACIONES LABORALES Y RECURSOS HUMANOS;FACULTAD DE CIENCIAS DEL TRABAJO;SYJ;5,000
2022;CADIZ;208010;RELACIONES LABORALES Y RECURSOS HUMANOS;FACULTAD DE CIENCIAS DEL TRABAJO (ALG);SYJ;5,000
2022;CADIZ;208502;TRABAJO SOCIAL;FACULTAD DE CIENCIAS DEL TRABAJO (SEDE  JEREZ);SYJ;7,360
2022;CADIZ;208730;TURISMO;FACULTAD DE CIENCIAS SOCIALES Y DE LA COMUNICACION (JEREZ);SYJ;5,000
2022;CORDOBA;325515;ADMINISTRACION Y DIRECCION DE EMPRESAS;FACULTAD DE DERECHO Y CC. ECON. Y EMPRES.;SYJ;9,248
2022;CORDOBA;325608;ADMINISTRACION Y DIRECCION DE EMPRESAS + DERECHO;FACULTAD DE DERECHO Y CC. ECON. Y EMPRES.;SYJ;9,081
2022;CORDOBA;326504;BIOLOGIA;FACULTAD DE CIENCIAS;C;8,280
2022;CORDOBA;392001;BIOQUIMICA;FACULTAD DE CIENCIAS;C;10,691
2022;CORDOBA;326709;BIOTECNOLOGIA;FACULTAD DE CIENCIAS;C;10,061
2022;CORDOBA;392508;CIENCIA Y TECNOLOGIA DE LOS ALIMENTOS;FACULTAD DE VETERINARIA;C;5,000
2022;CORDOBA;327001;CIENCIAS AMBIENTALES;FACULTAD DE CIENCIAS;C;5,000
2022;CORDOBA;354007;CINE Y CULTURA;FACULTAD DE FILOSOFIA Y LETRAS;AYH;5,000
2022;CORDOBA;354011;CINE Y CULTURA (modalidad no presencial);FACULTAD DE FILOSOFIA Y LETRAS;AYH;5,000
2022;CORDOBA;329505;DERECHO;FACULTAD DE DERECHO Y CC. ECON. Y EMPRES.;SYJ;5,000
2022;CORDOBA;345516;EDUCACION INFANTIL;CENTRO MAGISTERIO SAGRADO CORAZON (ADS);SYJ;5,000
2022;CORDOBA;345501;EDUCACION INFANTIL;FACULTAD DE CIENCIAS DE LA EDUCACION;SYJ;8,286
2022;CORDOBA;345520;EDUCACION INFANTIL (ITINERARIO BILINGUE);FACULTAD DE CIENCIAS DE LA EDUCACION;SYJ;5,000
2022;CORDOBA;346505;EDUCACION PRIMARIA;FACULTAD DE CIENCIAS DE LA EDUCACION;SYJ;8,880
2022;CORDOBA;346511;EDUCACION PRIMARIA;CENTRO MAGISTERIO SAGRADO CORAZON (ADS);SYJ;5,000
2022;CORDOBA;346524;EDUCACION PRIMARIA (ITINERARIO BILINGUE);FACULTAD DE CIENCIAS DE LA EDUCACION;SYJ;8,758
2022;CORDOBA;347100;EDUCACION PRIMARIA (ITINERARIO BILINGUE) + ESTUDIOS INGLESES;FACULTAD DE FILOSOFIA Y LETRAS;SIN;9,619
2022;CORDOBA;302207;EDUCACION SOCIAL;FACULTAD DE CIENCIAS DE LA EDUCACION;SYJ;8,966
2022;CORDOBA;302509;ENFERMERIA;FACULTAD DE MEDICINA Y ENFERMERIA;SD;12,450
2022;CORDOBA;397001;ENOLOGIA;E.T.S. INGENIERIA AGRONOMICA Y DE MONTES;C;5,000
2022;CORDOBA;397107;ENOLOGIA + INGENIERIA AGROALIMENTARIA Y DEL MEDIO RURAL;E.T.S. INGENIERIA AGRONOMICA Y DE MONTES;SIN;5,000
2022;CORDOBA;334502;ESTUDIOS INGLESES;FACULTAD DE FILOSOFIA Y LETRAS;AYH;5,000
2022;CORDOBA;334006;FILOLOGIA HISPANICA;FACULTAD DE FILOSOFIA Y LETRAS;AYH;5,000
2022;CORDOBA;336003;FISICA;FACULTAD DE CIENCIAS;C;9,830
2022;CORDOBA;303517;FISIOTERAPIA;FISIDEC - FISIOTERAPIA, INVESTIGACION Y DEPORTE DE CORDOBA (ADS);SD;5,000
2022;CORDOBA;303502;FISIOTERAPIA;FACULTAD DE MEDICINA Y ENFERMERIA;SD;12,050
2022;CORDOBA;349506;GESTION CULTURAL;FACULTAD DE FILOSOFIA Y LETRAS;AYH;5,000
2022;CORDOBA;337503;HISTORIA;FACULTAD DE FILOSOFIA Y LETRAS;AYH;5,000
2022;CORDOBA;337600;HISTORIA + HISTORIA DEL ARTE;FACULTAD DE FILOSOFIA Y LETRAS;AYH;10,948
2022;CORDOBA;338000;HISTORIA DEL ARTE;FACULTAD DE FILOSOFIA Y LETRAS;AYH;5,000
2022;CORDOBA;322003;INGENIERIA AGROALIMENTARIA Y DEL MEDIO RURAL;E.T.S. INGENIERIA AGRONOMICA Y DE MONTES;IYA;5,000
2022;CORDOBA;322500;INGENIERIA CIVIL;ESCUELA POLITECNICA SUPERIOR DE BELMEZ;IYA;5,000
2022;CORDOBA;322607;INGENIERIA CIVIL + ADMINISTRACION Y DIRECCION DE EMPRESAS;ESCUELA POLITECNICA SUPERIOR DE BELMEZ;SIN;5,000
2022;CORDOBA;322704;INGENIERIA CIVIL + INGENIERIA DE LA ENERGIA Y RECURSOS MINERALES;ESCUELA POLITECNICA SUPERIOR DE BELMEZ;IYA;5,000
2022;CORDOBA;322514;INGENIERIA CIVIL (SEMIPRESENCIAL);ESCUELA POLITECNICA SUPERIOR DE BELMEZ;IYA;5,000
2022;CORDOBA;323708;INGENIERIA DE LA ENERGIA Y RECURSOS MINERALES;ESCUELA POLITECNICA SUPERIOR DE BELMEZ;IYA;5,000
2022;CORDOBA;323805;INGENIERIA DE LA ENERGIA Y RECURSOS MINERALES + ING. ELECTRICA;ESCUELA POLITECNICA SUPERIOR DE BELMEZ;IYA;5,000
2022;CORDOBA;312504;INGENIERIA ELECTRICA;ESCUELA POLITECNICA SUPERIOR DE CORDOBA;IYA;5,000
2022;CORDOBA;313001;INGENIERIA ELECTRONICA INDUSTRIAL;ESCUELA POLITECNICA SUPERIOR DE CORDOBA;IYA;5,000
2022;CORDOBA;324000;INGENIERIA FORESTAL;E.T.S. INGENIERIA AGRONOMICA Y DE MONTES;IYA;5,000
2022;CORDOBA;322100;INGENIERIA FORESTAL + INGENIERIA AGROALIMENTARIA Y DEL MEDIO RURAL;E.T.S. INGENIERIA AGRONOMICA Y DE MONTES;IYA;5,000
2022;CORDOBA;323503;INGENIERIA INFORMATICA;ESCUELA POLITECNICA SUPERIOR DE CORDOBA;IYA;9,361
2022;CORDOBA;313508;INGENIERIA MECANICA;ESCUELA POLITECNICA SUPERIOR DE CORDOBA;IYA;5,000
2022;CORDOBA;339500;MEDICINA;FACULTAD DE MEDICINA Y ENFERMERIA;SD;13,303
2022;CORDOBA;341507;PSICOLOGIA;FACULTAD DE CIENCIAS DE LA EDUCACION;SD;11,393
2022;CORDOBA;342500;QUIMICA;FACULTAD DE CIENCIAS;C;5,000
2022;CORDOBA;308004;RELACIONES LABORALES Y RECURSOS HUMANOS;FACULTAD DE CIENCIAS DEL TRABAJO;SYJ;5,000
2022;CORDOBA;343202;TRADUCCION E INTERPRETACION FRANCES;FACULTAD DE FILOSOFIA Y LETRAS;AYH;5,000
2022;CORDOBA;334308;TRADUCCION E INTERPRETACION FRANCES + FILOLOGIA HISPANICA;FACULTAD DE FILOSOFIA Y LETRAS;AYH;5,000
2022;CORDOBA;343301;TRADUCCION E INTERPRETACION INGLES;FACULTAD DE FILOSOFIA Y LETRAS;AYH;8,312
2022;CORDOBA;334804;TRADUCCION E INTERPRETACION INGLES + ESTUDIOS INGLESES;FACULTAD DE FILOSOFIA Y LETRAS;AYH;10,200
2022;CORDOBA;334405;TRADUCCION E INTERPRETACION INGLES + FILOLOGIA HISPANICA;FACULTAD DE FILOSOFIA Y LETRAS;AYH;5,000
2022;CORDOBA;308705;TURISMO;FACULTAD DE CIENCIAS DEL TRABAJO;SYJ;5,000
2022;CORDOBA;308900;TURISMO + TRADUCCION E INTERPRETACION INGLES;FACULTAD DE CIENCIAS DEL TRABAJO;SIN;5,000
2022;CORDOBA;343504;VETERINARIA;FACULTAD DE VETERINARIA;SD;11,631
2022;GRANADA;425528;ADMINISTRACION Y DIRECCION DE EMPRESAS;FACULTAD DE EDUCACION, ECONOMIA Y TECNOLOGIA (CEUTA);SYJ;5,000
2022;GRANADA;425513;ADMINISTRACION Y DIRECCION DE EMPRESAS;FACULTAD DE CIENCIAS SOCIALES Y JURIDICAS (MELILLA);SYJ;5,000
2022;GRANADA;425509;ADMINISTRACION Y DIRECCION DE EMPRESAS;F. CIENCIAS ECONOMICAS Y EMPRESARIALES;SYJ;10,519
2022;GRANADA;425606;ADMINISTRACION Y DIRECCION DE EMPRESAS + DERECHO;F. CIENCIAS ECONOMICAS Y EMPRESARIALES-F. DERECHO;SYJ;11,871
2022;GRANADA;425610;ADMINISTRACION Y DIRECCION DE EMPRESAS + DERECHO;FACULTAD DE CIENCIAS SOCIALES Y JURIDICAS (MELILLA);SYJ;5,000
2022;GRANADA;491502;ANTROPOLOGIA SOCIAL Y CULTURAL;FACULTAD DE FILOSOFIA Y LETRAS;SYJ;5,000
2022;GRANADA;453001;ARQUEOLOGIA;FACULTAD DE FILOSOFIA Y LETRAS;AYH;5,000
2022;GRANADA;426006;BELLAS ARTES;FACULTAD DE BELLAS ARTES;AYH;9,123
2022;GRANADA;426502;BIOLOGIA;FACULTAD DE CIENCIAS;C;9,710
2022;GRANADA;492001;BIOQUIMICA;FACULTAD DE CIENCIAS;C;12,607
2022;GRANADA;426707;BIOTECNOLOGIA;FACULTAD DE CIENCIAS;C;12,921
2022;GRANADA;492506;CIENCIA Y TECNOLOGIA DE LOS ALIMENTOS;FACULTAD DE FARMACIA;C;5,150
2022;GRANADA;427001;CIENCIAS AMBIENTALES;FACULTAD DE CIENCIAS;C;5,000
2022;GRANADA;427506;CIENCIAS DE LA ACTIVIDAD FISICA Y DEL DEPORTE;FACULTAD DE CIENCIAS DEL DEPORTE;SYJ;11,830
2022;GRANADA;427603;CIENCIAS DE LA ACTIVIDAD FISICA Y DEL DEPORTE + EDUCACION PRIMARIA;FACULTAD DE CIENCIAS DE LA EDUCACION Y DEL DEPORTE (MELILLA);SYJ;5,000
2022;GRANADA;428501;CIENCIAS POLITICAS Y DE LA ADMINISTRACION;F. DE CIENCIAS POLITICAS Y SOCIOLOGIA;SYJ;5,000
2022;GRANADA;428704;CIENCIAS POLITICAS Y DE LA ADMINISTRACION + DERECHO;F. DE CIENCIAS POLITICAS Y SOCIOLOGIA Y FACULTAD DE DERECHO;SYJ;7,150
2022;GRANADA;499102;CIENCIAS POLITICAS Y DE LA ADMINISTRACION + SOCIOLOGIA;F. DE CIENCIAS POLITICAS Y SOCIOLOGIA;SYJ;8,640
2022;GRANADA;428607;CIENCIAS POLITICAS Y DE LA ADMINISTRACION (GR) + PERIODISMO (MA);F. DE CIENCIAS POLITICAS Y SOCIOLOGIA;SYJ;8,763
2022;GRANADA;429007;COMUNICACION AUDIOVISUAL;FACULTAD DE COMUNICACION Y DOCUMENTACION;SYJ;10,405
2022;GRANADA;426200;CONSERVACION Y RESTAURACION DE BIENES CULTURALES;FACULTAD DE BELLAS ARTES;AYH;7,730
2022;GRANADA;492603;CRIMINOLOGIA;FACULTAD DE DERECHO;SYJ;11,335
2022;GRANADA;429503;DERECHO;FACULTAD DE DERECHO;SYJ;8,700
2022;GRANADA;430001;ECONOMIA;F. CIENCIAS ECONOMICAS Y EMPRESARIALES;SYJ;6,320
2022;GRANADA;401007;EDIFICACION;ESCUELA TECNICA SUPERIOR DE INGENIERIA DE EDIFICACION;IYA;5,000
2022;GRANADA;401104;EDIFICACION + ADMINISTRACION Y DIRECCION DE EMPRESAS;ESCUELA TECNICA SUPERIOR DE INGENIERIA DE EDIFICACION Y FAC. CC. ECONOMICAS Y EMPRESARIALES;SIN;5,000
2022;GRANADA;445501;EDUCACION INFANTIL;FACULTAD DE CIENCIAS DE LA EDUCACION;SYJ;8,460
2022;GRANADA;445529;EDUCACION INFANTIL;FACULTAD DE EDUCACION, ECONOMIA Y TECNOLOGIA (CEUTA);SYJ;5,000
2022;GRANADA;445533;EDUCACION INFANTIL;FACULTAD DE CIENCIAS DE LA EDUCACION Y DEL DEPORTE (MELILLA);SYJ;5,000
2022;GRANADA;445514;EDUCACION INFANTIL;CENTRO DE MAGISTERIO LA INMACULADA (ADS);SYJ;5,000
2022;GRANADA;446503;EDUCACION PRIMARIA;FACULTAD DE CIENCIAS DE LA EDUCACION;SYJ;9,460
2022;GRANADA;446537;EDUCACION PRIMARIA;FACULTAD DE CIENCIAS DE LA EDUCACION Y DEL DEPORTE (MELILLA);SYJ;5,000
2022;GRANADA;446518;EDUCACION PRIMARIA;CENTRO DE MAGISTERIO LA INMACULADA (ADS);SYJ;5,000
2022;GRANADA;446522;EDUCACION PRIMARIA;FACULTAD DE EDUCACION, ECONOMIA Y TECNOLOGIA (CEUTA);SYJ;5,000
2022;GRANADA;446600;EDUCACION PRIMARIA + ESTUDIOS FRANCESES;F. CIENCIAS DE LA EDUCACION Y F. FILOSOFIA Y LETRAS;SIN;5,000
2022;GRANADA;446708;EDUCACION PRIMARIA + ESTUDIOS INGLESES;F. CIENCIAS DE LA EDUCACION Y F. FILOSOFIA Y LETRAS;SIN;11,745
2022;GRANADA;446541;EDUCACION PRIMARIA (FORMACION BILINGUE);FACULTAD DE CIENCIAS DE LA EDUCACION;SYJ;9,360
2022;GRANADA;402205;EDUCACION SOCIAL;FACULTAD DE CIENCIAS DE LA EDUCACION;SYJ;8,430
2022;GRANADA;402224;EDUCACION SOCIAL;FACULTAD DE CIENCIAS DE LA EDUCACION Y DEL DEPORTE (MELILLA);SYJ;5,000
2022;GRANADA;402211;EDUCACION SOCIAL;FACULTAD DE EDUCACION, ECONOMIA Y TECNOLOGIA (CEUTA);SYJ;5,000
2022;GRANADA;402530;ENFERMERIA;FACULTAD DE CIENCIAS DE LA SALUD (MELILLA);SD;11,141
2022;GRANADA;402507;ENFERMERIA;FACULTAD DE CIENCIAS DE LA SALUD;SD;12,387
2022;GRANADA;402526;ENFERMERIA;FACULTAD DE CIENCIAS DE LA SALUD (CEUTA);SD;10,980
2022;GRANADA;403004;ESTADISTICA;FACULTAD DE CIENCIAS;C;10,907
2022;GRANADA;431501;ESTUDIOS ARABES E ISLAMICOS;FACULTAD DE FILOSOFIA Y LETRAS;AYH;5,000
2022;GRANADA;400501;ESTUDIOS DE ARQUITECTURA;E.T.S. DE ARQUITECTURA;IYA;8,503
2022;GRANADA;433000;ESTUDIOS FRANCESES;FACULTAD DE FILOSOFIA Y LETRAS;AYH;5,000
2022;GRANADA;434500;ESTUDIOS INGLESES;FACULTAD DE FILOSOFIA Y LETRAS;AYH;7,167
2022;GRANADA;434705;ESTUDIOS INGLESES + FILOLOGIA HISPANICA;FACULTAD DE FILOSOFIA Y LETRAS;AYH;12,642
2022;GRANADA;430506;FARMACIA;FACULTAD DE FARMACIA;SD;10,062
2022;GRANADA;430700;FARMACIA + NUTRICION HUMANA Y DIETETICA;FACULTAD DE FARMACIA;SD;12,536
2022;GRANADA;432007;FILOLOGIA CLASICA;FACULTAD DE FILOSOFIA Y LETRAS;AYH;5,000
2022;GRANADA;434004;FILOLOGIA HISPANICA;FACULTAD DE FILOSOFIA Y LETRAS;AYH;6,740
2022;GRANADA;435504;FILOSOFIA;FACULTAD DE FILOSOFIA Y LETRAS;AYH;7,750
2022;GRANADA;402000;FINANZAS Y CONTABILIDAD;F. CIENCIAS ECONOMICAS Y EMPRESARIALES;SYJ;8,191
2022;GRANADA;436001;FISICA;FACULTAD DE CIENCIAS;C;12,097
2022;GRANADA;403500;FISIOTERAPIA;FACULTAD DE CIENCIAS DE LA SALUD;SD;12,493
2022;GRANADA;403515;FISIOTERAPIA;FACULTAD DE CIENCIAS DE LA SALUD (MELILLA);SD;9,936
2022;GRANADA;436702;GEOGRAFIA Y GESTION DEL TERRITORIO;FACULTAD DE FILOSOFIA Y LETRAS;SYJ;5,000
2022;GRANADA;437005;GEOLOGIA;FACULTAD DE CIENCIAS;C;5,000
2022;GRANADA;437501;HISTORIA;FACULTAD DE FILOSOFIA Y LETRAS;AYH;7,770
2022;GRANADA;438009;HISTORIA DEL ARTE;FACULTAD DE FILOSOFIA Y LETRAS;AYH;5,000
2022;GRANADA;499005;HISTORIA Y CIENCIAS DE LA MUSICA;FACULTAD DE FILOSOFIA Y LETRAS;AYH;5,000
2022;GRANADA;401503;INFORMACION Y DOCUMENTACION;FACULTAD DE COMUNICACION Y DOCUMENTACION;SYJ;5,000
2022;GRANADA;422605;INGENIERIA CIVIL + ADMINISTRACION Y DIRECCION DE EMPRESAS;E.T.S. DE INGENIERIA DE CAMINOS, CANALES Y PUERTOS Y FAC. CC. ECONOMICAS Y EMPRESARIALES;SIN;7,080
2022;GRANADA;425002;INGENIERIA DE TECNOLOGIAS DE TELECOMUNICACION;E.T.S. DE INGENIERIAS INFORMATICA Y DE TELECOMUNICACION;IYA;9,981
2022;GRANADA;412901;INGENIERIA ELECTRONICA INDUSTRIAL;FACULTAD DE CIENCIAS;IYA;9,954
2022;GRANADA;423501;INGENIERIA INFORMATICA;E.T.S. DE INGENIERIAS INFORMATICA Y DE TELECOMUNICACION;IYA;10,690
2022;GRANADA;423516;INGENIERIA INFORMATICA;FACULTAD DE EDUCACION, ECONOMIA Y TECNOLOGIA (CEUTA);IYA;5,000
2022;GRANADA;423609;INGENIERIA INFORMATICA + ADMINISTRACION Y DIRECCION DE EMPRESAS;E.T.S. DE INGENIERIAS INFORMATICA Y DE TELECOMUNICACION Y FAC. CC. ECONOMICAS Y EMPRESARIALES;SIN;12,164
2022;GRANADA;423404;INGENIERIA INFORMATICA + MATEMATICAS;FACULTAD DE CIENCIAS Y E.T.S. INGENIERIAS INFORMATICAS Y DE TELECOMUNICACION;SIN;13,226
2022;GRANADA;424505;INGENIERIA QUIMICA;FACULTAD DE CIENCIAS;IYA;5,000
2022;GRANADA;432503;LENGUAS MODERNAS Y SUS LITERATURAS;FACULTAD DE FILOSOFIA Y LETRAS;AYH;5,000
2022;GRANADA;498508;LITERATURAS COMPARADAS;FACULTAD DE FILOSOFIA Y LETRAS;AYH;5,000
2022;GRANADA;405001;LOGOPEDIA;FACULTAD DE PSICOLOGIA;SD;7,770
2022;GRANADA;449008;MARKETING E INVESTIGACION DE MERCADOS;F. CIENCIAS ECONOMICAS Y EMPRESARIALES;SYJ;10,626
2022;GRANADA;439002;MATEMATICAS;FACULTAD DE CIENCIAS;C;12,513
2022;GRANADA;439401;MATEMATICAS + FISICA;FACULTAD DE CIENCIAS;C;13,708
2022;GRANADA;439509;MEDICINA;FACULTAD DE MEDICINA;SD;13,347
2022;GRANADA;406201;NUTRICION HUMANA Y DIETETICA;FACULTAD DE FARMACIA;SD;9,360
2022;GRANADA;406307;NUTRICION HUMANA Y DIETETICA + CIENCIA Y TECNOLOGIA DE LOS ALIMENTOS;FACULTAD DE FARMACIA;SIN;11,522
2022;GRANADA;440005;ODONTOLOGIA;FACULTAD DE ODONTOLOGIA;SD;13,010
2022;GRANADA;406501;OPTICA Y OPTOMETRIA;FACULTAD DE CIENCIAS;C;5,000
2022;GRANADA;440501;PEDAGOGIA;FACULTAD DE CIENCIAS DE LA EDUCACION;SYJ;5,380
2022;GRANADA;441505;PSICOLOGIA;FACULTAD DE PSICOLOGIA;SD;11,410
2022;GRANADA;442509;QUIMICA;FACULTAD DE CIENCIAS;C;8,269
2022;GRANADA;408017;RELACIONES LABORALES Y RECURSOS HUMANOS;FACULTAD DE CIENCIAS SOCIALES Y JURIDICAS (MELILLA);SYJ;5,000
2022;GRANADA;408002;RELACIONES LABORALES Y RECURSOS HUMANOS;FACULTAD DE RELACIONES LABORALES Y RECURSOS HUMANOS;SYJ;5,000
2022;GRANADA;442703;SOCIOLOGIA;F. DE CIENCIAS POLITICAS Y SOCIOLOGIA;SYJ;5,000
2022;GRANADA;408207;TERAPIA OCUPACIONAL;FACULTAD DE CIENCIAS DE LA SALUD;SD;9,329
2022;GRANADA;408509;TRABAJO SOCIAL;FACULTAD DE TRABAJO SOCIAL;SYJ;7,770
2022;GRANADA;443103;TRADUCCION E INTERPRETACION ALEMAN;F. TRADUCCION E INTERPRETACION;AYH;5,000
2022;GRANADA;455203;TRADUCCION E INTERPRETACION ALEMAN + TURISMO;F. TRADUCCION E INTERPRETACION Y F. CC. ECONOMICAS Y EMPRESARIALES;SIN;10,124
2022;GRANADA;443405;TRADUCCION E INTERPRETACION ARABE;F. TRADUCCION E INTERPRETACION;AYH;5,000
2022;GRANADA;443200;TRADUCCION E INTERPRETACION FRANCES;F. TRADUCCION E INTERPRETACION;AYH;9,735
2022;GRANADA;455106;TRADUCCION E INTERPRETACION FRANCES + TURISMO;F. TRADUCCION E INTERPRETACION Y F. CC. ECONOMICAS Y EMPRESARIALES;SIN;8,715
2022;GRANADA;443308;TRADUCCION E INTERPRETACION INGLES;F. TRADUCCION E INTERPRETACION;AYH;12,776
2022;GRANADA;455009;TRADUCCION E INTERPRETACION INGLES + TURISMO;F. TRADUCCION E INTERPRETACION Y F. CC. ECONOMICAS Y EMPRESARIALES;SIN;12,480
2022;GRANADA;408703;TURISMO;F. CIENCIAS ECONOMICAS Y EMPRESARIALES;SYJ;5,000
2022;HUELVA;525507;ADMINISTRACION Y DIRECCION DE EMPRESAS;FACULTAD DE CIENCIAS EMPRESARIALES;SYJ;5,000
2022;HUELVA;525604;ADMINISTRACION Y DIRECCION DE EMPRESAS + DERECHO;FACULTAD DE CIENCIAS EMPRESARIALES;SYJ;6,285
2022;HUELVA;525906;ADMINISTRACION Y DIRECCION DE EMPRESAS + FINANZAS Y CONTABILIDAD;FACULTAD DE CIENCIAS EMPRESARIALES;SYJ;5,000
2022;HUELVA;525809;ADMINISTRACION Y DIRECCION DE EMPRESAS + TURISMO;FACULTAD DE CIENCIAS EMPRESARIALES;SYJ;5,000
2022;HUELVA;527008;CIENCIAS AMBIENTALES;FACULTAD DE CIENCIAS EXPERIMENTALES;C;5,000
2022;HUELVA;527105;CIENCIAS AMBIENTALES + INGENIERIA FORESTAL Y DEL MEDIO NATURAL;FACULTAD DE CIENCIAS EXPERIMENTALES;SIN;5,000
2022;HUELVA;527504;CIENCIAS DE LA ACTIVIDAD FISICA Y DEL DEPORTE;FACULTAD DE CIENCIAS DE LA EDUCACION, PSICOLOGIA Y CIENCIAS DEL DEPORTE;SYJ;11,145
2022;HUELVA;529501;DERECHO;FACULTAD DE DERECHO;SYJ;5,000
2022;HUELVA;545508;EDUCACION INFANTIL;FACULTAD DE CIENCIAS DE LA EDUCACION, PSICOLOGIA Y CIENCIAS DEL DEPORTE;SYJ;8,170
2022;HUELVA;546501;EDUCACION PRIMARIA;FACULTAD DE CIENCIAS DE LA EDUCACION, PSICOLOGIA Y CIENCIAS DEL DEPORTE;SYJ;8,360
2022;HUELVA;502203;EDUCACION SOCIAL;FACULTAD DE CIENCIAS DE LA EDUCACION, PSICOLOGIA Y CIENCIAS DEL DEPORTE;SYJ;6,640
2022;HUELVA;502505;ENFERMERIA;FACULTAD DE ENFERMERIA;SD;11,580
2022;HUELVA;534509;ESTUDIOS INGLESES;FACULTAD DE HUMANIDADES;AYH;5,000
2022;HUELVA;534703;ESTUDIOS INGLESES + FILOLOGIA HISPANICA;FACULTAD DE HUMANIDADES;AYH;5,000
2022;HUELVA;534002;FILOLOGIA HISPANICA;FACULTAD DE HUMANIDADES;AYH;5,000
2022;HUELVA;502009;FINANZAS Y CONTABILIDAD;FACULTAD DE CIENCIAS EMPRESARIALES;SYJ;5,000
2022;HUELVA;537003;GEOLOGIA;FACULTAD DE CIENCIAS EXPERIMENTALES;C;5,000
2022;HUELVA;537208;GEOLOGIA + CIENCIAS AMBIENTALES;FACULTAD DE CIENCIAS EXPERIMENTALES;C;5,000
2022;HUELVA;549502;GESTION CULTURAL;FACULTAD DE HUMANIDADES;AYH;5,000
2022;HUELVA;537501;HISTORIA;FACULTAD DE HUMANIDADES;AYH;5,000
2022;HUELVA;538503;HUMANIDADES;FACULTAD DE HUMANIDADES;AYH;5,000
2022;HUELVA;522001;INGENIERIA AGRICOLA;ESCUELA TECNICA SUPERIOR DE INGENIERIA;IYA;5,000
2022;HUELVA;512500;INGENIERIA ELECTRICA;ESCUELA TECNICA SUPERIOR DE INGENIERIA;IYA;5,000
2022;HUELVA;512608;INGENIERIA ELECTRICA + INGENIERIA ENERGETICA;ESCUELA TECNICA SUPERIOR DE INGENIERIA;IYA;5,000
2022;HUELVA;513008;INGENIERIA ELECTRONICA INDUSTRIAL;ESCUELA TECNICA SUPERIOR DE INGENIERIA;IYA;5,000
2022;HUELVA;513601;INGENIERIA ELECTRONICA INDUSTRIAL + INGENIERIA MECANICA;ESCUELA TECNICA SUPERIOR DE INGENIERIA;IYA;5,000
2022;HUELVA;517002;INGENIERIA EN EXPLOTACION DE MINAS Y RECURSOS ENERGETICOS;ESCUELA TECNICA SUPERIOR DE INGENIERIA;IYA;5,000
2022;HUELVA;516904;INGENIERIA ENERGETICA;ESCUELA TECNICA SUPERIOR DE INGENIERIA;IYA;5,000
2022;HUELVA;524007;INGENIERIA FORESTAL Y DEL MEDIO NATURAL;ESCUELA TECNICA SUPERIOR DE INGENIERIA;IYA;5,000
2022;HUELVA;523501;INGENIERIA INFORMATICA;ESCUELA TECNICA SUPERIOR DE INGENIERIA;IYA;5,000
2022;HUELVA;513504;INGENIERIA MECANICA;ESCUELA TECNICA SUPERIOR DE INGENIERIA;IYA;5,000
2022;HUELVA;513709;INGENIERIA MECANICA + INGENIERIA EN EXPLOTACION DE MINAS Y RECURSOS ENERGETICOS;ESCUELA TECNICA SUPERIOR DE INGENIERIA;IYA;5,000
2022;HUELVA;514001;INGENIERIA QUIMICA INDUSTRIAL;ESCUELA TECNICA SUPERIOR DE INGENIERIA;IYA;5,000
2022;HUELVA;541503;PSICOLOGIA;FACULTAD DE CIENCIAS DE LA EDUCACION, PSICOLOGIA Y CIENCIAS DEL DEPORTE;SD;9,825
2022;HUELVA;542507;QUIMICA;FACULTAD DE CIENCIAS EXPERIMENTALES;C;5,000
2022;HUELVA;508000;RELACIONES LABORALES Y RECURSOS HUMANOS;FACULTAD DE CIENCIAS DEL TRABAJO;SYJ;5,000
2022;HUELVA;508015;RELACIONES LABORALES Y RECURSOS HUMANOS - SEMIPRESENCIAL;FACULTAD DE CIENCIAS DEL TRABAJO;SYJ;5,000
2022;HUELVA;508507;TRABAJO SOCIAL;FACULTAD DE TRABAJO SOCIAL;SYJ;5,000
2022;HUELVA;508701;TURISMO;FACULTAD DE CIENCIAS EMPRESARIALES;SYJ;5,000
2022;JAEN;625505;ADMINISTRACION Y DIRECCION DE EMPRESAS;FACULTAD CIENCIAS SOCIALES Y JURIDICAS;SYJ;5,000
2022;JAEN;625602;ADMINISTRACION Y DIRECCION DE EMPRESAS + DERECHO;FACULTAD CIENCIAS SOCIALES Y JURIDICAS;SYJ;5,000
2022;JAEN;625904;ADMINISTRACION Y DIRECCION DE EMPRESAS + FINANZAS Y CONTABILIDAD;FACULTAD CIENCIAS SOCIALES Y JURIDICAS;SYJ;8,620
2022;JAEN;625511;ADMINISTRACION Y DIRECCION DE EMPRESAS (grupo inglEs);FACULTAD CIENCIAS SOCIALES Y JURIDICAS;SYJ;5,000
2022;JAEN;653008;ARQUEOLOGIA;F. HUMANIDADES Y CIENCIAS DE LA EDUCACION;AYH;5,000
2022;JAEN;626509;BIOLOGIA;FACULTAD DE CIENCIAS EXPERIMENTALES;C;8,847
2022;JAEN;627006;CIENCIAS AMBIENTALES;FACULTAD DE CIENCIAS EXPERIMENTALES;C;5,000
2022;JAEN;629501;DERECHO;FACULTAD CIENCIAS SOCIALES Y JURIDICAS;SYJ;5,000
2022;JAEN;645510;EDUCACION INFANTIL;CENTRO DE PROFESORADO  SAGRADA FAMILIA  (ADS) (UBEDA);SYJ;5,000
2022;JAEN;645506;EDUCACION INFANTIL;F. HUMANIDADES Y CIENCIAS DE LA EDUCACION;SYJ;6,580
2022;JAEN;646514;EDUCACION PRIMARIA;CENTRO DE PROFESORADO  SAGRADA FAMILIA  (ADS) (UBEDA);SYJ;5,000
2022;JAEN;646501;EDUCACION PRIMARIA;F. HUMANIDADES Y CIENCIAS DE LA EDUCACION;SYJ;7,011
2022;JAEN;602201;EDUCACION SOCIAL;F. HUMANIDADES Y CIENCIAS DE LA EDUCACION;SYJ;7,700
2022;JAEN;602503;ENFERMERIA;FACULTAD DE CIENCIAS DE LA SALUD;SD;11,931
2022;JAEN;603000;ESTADISTICA Y EMPRESA;FACULTAD CIENCIAS SOCIALES Y JURIDICAS;SYJ;6,435
2022;JAEN;634507;ESTUDIOS INGLESES;F. HUMANIDADES Y CIENCIAS DE LA EDUCACION;AYH;5,000
2022;JAEN;634000;FILOLOGIA HISPANICA;F. HUMANIDADES Y CIENCIAS DE LA EDUCACION;AYH;5,000
2022;JAEN;602007;FINANZAS Y CONTABILIDAD;FACULTAD CIENCIAS SOCIALES Y JURIDICAS;SYJ;5,000
2022;JAEN;603507;FISIOTERAPIA;FACULTAD DE CIENCIAS DE LA SALUD;SD;11,161
2022;JAEN;636806;GEOGRAFIA E HISTORIA;F. HUMANIDADES Y CIENCIAS DE LA EDUCACION;AYH;5,000
2022;JAEN;604004;GESTION Y ADMINISTRACION PUBLICA;FACULTAD CIENCIAS SOCIALES Y JURIDICAS;SYJ;5,000
2022;JAEN;638005;HISTORIA DEL ARTE;F. HUMANIDADES Y CIENCIAS DE LA EDUCACION;AYH;5,000
2022;JAEN;622504;INGENIERIA CIVIL;E. POLITECNICA SUPERIOR DE LINARES;IYA;5,000
2022;JAEN;622806;INGENIERIA CIVIL + INGENIERIA EN TECNOLOGIAS MINERAS;E. POLITECNICA SUPERIOR DE LINARES;IYA;5,000
2022;JAEN;695503;INGENIERIA DE ORGANIZACION INDUSTRIAL;E. POLITECNICA SUPERIOR;IYA;5,391
2022;JAEN;617000;INGENIERIA DE RECURSOS ENERGETICOS;E. POLITECNICA SUPERIOR DE LINARES;IYA;5,000
2022;JAEN;625009;INGENIERIA DE TECNOLOGIAS DE TELECOMUNICACION;E. POLITECNICA SUPERIOR DE LINARES;IYA;5,000
2022;JAEN;623702;INGENIERIA DE TECNOLOGIAS MINERAS;E. POLITECNICA SUPERIOR DE LINARES;IYA;5,000
2022;JAEN;612513;INGENIERIA ELECTRICA;E. POLITECNICA SUPERIOR DE LINARES;IYA;5,000
2022;JAEN;612509;INGENIERIA ELECTRICA;E. POLITECNICA SUPERIOR;IYA;5,000
2022;JAEN;612703;INGENIERIA ELECTRICA + ING. ELECTRONICA INDUSTRIAL;E. POLITECNICA SUPERIOR;IYA;5,000
2022;JAEN;612800;INGENIERIA ELECTRICA + INGENIERIA MECANICA;E. POLITECNICA SUPERIOR;IYA;7,292
2022;JAEN;612815;INGENIERIA ELECTRICA + INGENIERIA MECANICA;E. POLITECNICA SUPERIOR DE LINARES;IYA;5,000
2022;JAEN;613006;INGENIERIA ELECTRONICA INDUSTRIAL;E. POLITECNICA SUPERIOR;IYA;5,000
2022;JAEN;613103;INGENIERIA ELECTRONICA INDUSTRIAL + INGENIERIA MECANICA;E. POLITECNICA SUPERIOR;IYA;9,210
2022;JAEN;617108;INGENIERIA EN RECURSOS ENERGETICOS + INGENIERIA EN QUIMICA INDUSTRIAL;E. POLITECNICA SUPERIOR DE LINARES;IYA;5,000
2022;JAEN;621500;INGENIERIA GEOMATICA Y TOPOGRAFICA;E. POLITECNICA SUPERIOR;IYA;5,000
2022;JAEN;623508;INGENIERIA INFORMATICA;E. POLITECNICA SUPERIOR;IYA;7,715
2022;JAEN;613502;INGENIERIA MECANICA;E. POLITECNICA SUPERIOR;IYA;5,000
2022;JAEN;613517;INGENIERIA MECANICA;E. POLITECNICA SUPERIOR DE LINARES;IYA;5,000
2022;JAEN;613804;INGENIERIA MECANICA + INGENIERIA DE ORGANIZACION INDUSTRIAL;E. POLITECNICA SUPERIOR;IYA;7,919
2022;JAEN;614001;INGENIERIA QUIMICA INDUSTRIAL;E. POLITECNICA SUPERIOR DE LINARES;IYA;5,000
2022;JAEN;621004;INGENIERIA TELEMATICA;E. POLITECNICA SUPERIOR DE LINARES;IYA;5,000
2022;JAEN;621101;INGENIERIA TELEMATICA + INGENIERIA DE TECNOLOGIAS DE TELECOMUNICACION;E. POLITECNICA SUPERIOR DE LINARES;IYA;5,000
2022;JAEN;639505;MEDICINA;FACULTAD DE CIENCIAS DE LA SALUD;SD;13,260
2022;JAEN;641501;PSICOLOGIA;F. HUMANIDADES Y CIENCIAS DE LA EDUCACION;SD;9,843
2022;JAEN;642505;QUIMICA;FACULTAD DE CIENCIAS EXPERIMENTALES;C;5,640
2022;JAEN;608009;RELACIONES LABORALES Y RECURSOS HUMANOS;FACULTAD CIENCIAS SOCIALES Y JURIDICAS;SYJ;5,000
2022;JAEN;608505;TRABAJO SOCIAL;FACULTAD DE TRABAJO SOCIAL;SYJ;5,000
2022;JAEN;608701;TURISMO;FACULTAD CIENCIAS SOCIALES Y JURIDICAS;SYJ;5,000
2022;MALAGA;725503;ADMINISTRACION Y DIRECCION DE EMPRESAS;FACULTAD DE CIENCIAS ECONOMICAS Y EMPRESARIALES;SYJ;9,557
2022;MALAGA;725600;ADMINISTRACION Y DIRECCION DE EMPRESAS + DERECHO;FACULTAD DE CIENCIAS ECONOMICAS Y EMPRESARIALES;SYJ;12,023
2022;MALAGA;726000;BELLAS ARTES;FACULTAD DE BELLAS ARTES;AYH;9,108
2022;MALAGA;726507;BIOLOGIA;FACULTAD DE CIENCIAS;C;10,216
2022;MALAGA;792004;BIOQUIMICA;FACULTAD DE CIENCIAS;C;11,951
2022;MALAGA;727004;CIENCIAS AMBIENTALES;FACULTAD DE CIENCIAS;C;5,000
2022;MALAGA;727500;CIENCIAS DE LA ACTIVIDAD FISICA Y DEL DEPORTE (ENSENANZA BILINGUE);FACULTAD CIENCIAS DE LA EDUCACION;SYJ;11,550
2022;MALAGA;756007;CIENCIAS GASTRONOMICAS Y GESTION HOTELERA;FACULTAD DE TURISMO;SYJ;7,080
2022;MALAGA;729001;COMUNICACION AUDIOVISUAL;FACULTAD CIENCIAS DE LA COMUNICACION;SYJ;9,539
2022;MALAGA;792608;CRIMINOLOGIA;FACULTAD DE DERECHO;SYJ;10,999
2022;MALAGA;729508;DERECHO;FACULTAD DE DERECHO;SYJ;9,636
2022;MALAGA;730004;ECONOMIA;FACULTAD DE CIENCIAS ECONOMICAS Y EMPRESARIALES;SYJ;7,130
2022;MALAGA;725708;ECONOMIA + ADMINISTRACION Y DIRECCION EMPRESAS (FORMACION BILINGUE);FACULTAD DE CIENCIAS ECONOMICAS Y EMPRESARIALES;SYJ;11,256
2022;MALAGA;745519;EDUCACION INFANTIL;CENTRO MAGISTERIO MARIA INMACULADA (ADS) (ANTEQUERA);SYJ;5,000
2022;MALAGA;745504;EDUCACION INFANTIL;FACULTAD CIENCIAS DE LA EDUCACION;SYJ;9,991
2022;MALAGA;746508;EDUCACION PRIMARIA;FACULTAD CIENCIAS DE LA EDUCACION;SYJ;10,470
2022;MALAGA;746512;EDUCACION PRIMARIA;CENTRO MAGISTERIO MARIA INMACULADA (ADS) (ANTEQUERA);SYJ;5,000
2022;MALAGA;746702;EDUCACION PRIMARIA (MENCION LENGUA EXTRANJERA-INGLES) + ESTUDIOS INGLESES;FACULTAD DE FILOSOFIA Y LETRAS;SIN;11,102
2022;MALAGA;702201;EDUCACION SOCIAL;FACULTAD CIENCIAS DE LA EDUCACION;SYJ;9,000
2022;MALAGA;702501;ENFERMERIA;FACULTAD DE CIENCIAS DE LA SALUD;SD;12,290
2022;MALAGA;702516;ENFERMERIA;CENTRO ENFERMERIA VIRGEN DE LA PAZ  (ADS) (RONDA);SD;11,572
2022;MALAGA;750501;ESTUDIOS DE ASIA ORIENTAL;FACULTAD DE ESTUDIOS SOCIALES Y DEL TRABAJO;AYH;5,000
2022;MALAGA;734505;ESTUDIOS INGLESES;FACULTAD DE FILOSOFIA Y LETRAS;AYH;5,000
2022;MALAGA;732001;FILOLOGIA CLASICA;FACULTAD DE FILOSOFIA Y LETRAS;AYH;5,000
2022;MALAGA;734009;FILOLOGIA HISPANICA;FACULTAD DE FILOSOFIA Y LETRAS;AYH;8,913
2022;MALAGA;735509;FILOSOFIA;FACULTAD DE FILOSOFIA Y LETRAS;AYH;5,000
2022;MALAGA;702005;FINANZAS Y CONTABILIDAD;FACULTAD DE CIENCIAS ECONOMICAS Y EMPRESARIALES;SYJ;7,380
2022;MALAGA;725902;FINANZAS Y CONTABILIDAD + ADMINISTRACION Y DIRECCION DE EMPRESAS;FACULTAD DE CIENCIAS ECONOMICAS Y EMPRESARIALES;SYJ;11,831
2022;MALAGA;703505;FISIOTERAPIA;FACULTAD DE CIENCIAS DE LA SALUD;SD;12,048
2022;MALAGA;700519;FUNDAMENTOS DE ARQUITECTURA;E.T.S. ARQUITECTURA;IYA;11,030
2022;MALAGA;736707;GEOGRAFIA Y GESTION DEL TERRITORIO;FACULTAD DE FILOSOFIA Y LETRAS;SYJ;5,000
2022;MALAGA;704002;GESTION Y ADMINISTRACION PUBLICA;FACULTAD DE COMERCIO Y GESTION;SYJ;5,000
2022;MALAGA;728616;GRADO EN CIENCIAS POLITICAS Y DE LA ADMINISTRACION (GR) + PERIODISMO (MA);FACULTAD CIENCIAS DE LA COMUNICACION;SYJ;9,584
2022;MALAGA;737506;HISTORIA;FACULTAD DE FILOSOFIA Y LETRAS;AYH;5,000
2022;MALAGA;738003;HISTORIA DEL ARTE;FACULTAD DE FILOSOFIA Y LETRAS;AYH;5,000
2022;MALAGA;715001;INGENIERIA DE COMPUTADORES;ESCUELA TECNICA SUPERIOR DE INGENIERIA INFORMATICA;IYA;10,039
2022;MALAGA;716803;INGENIERIA DE LA ENERGIA;ESCUELA DE INGENIERIAS INDUSTRIALES;IYA;5,000
2022;MALAGA;750005;INGENIERIA DE LA SALUD;ESCUELA TECNICA SUPERIOR DE INGENIERIA INFORMATICA;IYA;9,511
2022;MALAGA;795501;INGENIERIA DE ORGANIZACION INDUSTRIAL;ESCUELA DE INGENIERIAS INDUSTRIALES;IYA;7,495
2022;MALAGA;720009;INGENIERIA DE SISTEMAS DE TELECOMUNICACION;ESCUELA TECNICA SUPERIOR DE INGENIERIA DE TELECOMUNICACION;IYA;5,000
2022;MALAGA;719502;INGENIERIA DE SISTEMAS ELECTRONICOS;ESCUELA TECNICA SUPERIOR DE INGENIERIA DE TELECOMUNICACION;IYA;5,000
2022;MALAGA;714504;INGENIERIA DE SOFTWARE;ESCUELA TECNICA SUPERIOR DE INGENIERIA INFORMATICA;IYA;11,484
2022;MALAGA;720505;INGENIERIA DE SONIDO E IMAGEN;ESCUELA TECNICA SUPERIOR DE INGENIERIA DE TELECOMUNICACION;IYA;5,000
2022;MALAGA;725007;INGENIERIA DE TECNOLOGIAS DE TELECOMUNICACION;ESCUELA TECNICA SUPERIOR DE INGENIERIA DE TELECOMUNICACION;IYA;10,491
2022;MALAGA;725104;INGENIERIA DE TECNOLOGIAS DE TELECOMUNICACION + MATEMATICAS;ESCUELA TECNICA SUPERIOR DE INGENIERIA DE TELECOMUNICACION;SIN;12,865
2022;MALAGA;712507;INGENIERIA ELECTRICA;ESCUELA DE INGENIERIAS INDUSTRIALES;IYA;5,000
2022;MALAGA;712809;INGENIERIA ELECTRICA + INGENIERIA MECANICA;ESCUELA DE INGENIERIAS INDUSTRIALES;IYA;11,027
2022;MALAGA;713004;INGENIERIA ELECTRONICA INDUSTRIAL;ESCUELA DE INGENIERIAS INDUSTRIALES;IYA;5,000
2022;MALAGA;712701;INGENIERIA ELECTRONICA INDUSTRIAL + INGENIERIA ELECTRICA;ESCUELA DE INGENIERIAS INDUSTRIALES;IYA;7,854
2022;MALAGA;713019;INGENIERIA ELECTRONICA, ROBOTICA Y MECATRONICA;ESCUELA DE INGENIERIAS INDUSTRIALES;IYA;11,955
2022;MALAGA;711201;INGENIERIA EN DISENO INDUSTRIAL Y DESARROLLO DEL PRODUCTO;ESCUELA DE INGENIERIAS INDUSTRIALES;IYA;9,810
2022;MALAGA;723001;INGENIERIA EN TECNOLOGIAS INDUSTRIALES;ESCUELA DE INGENIERIAS INDUSTRIALES;IYA;5,000
2022;MALAGA;723506;INGENIERIA INFORMATICA;ESCUELA TECNICA SUPERIOR DE INGENIERIA INFORMATICA;IYA;10,808
2022;MALAGA;713500;INGENIERIA MECANICA;ESCUELA DE INGENIERIAS INDUSTRIALES;IYA;8,080
2022;MALAGA;711309;INGENIERIA MECANICA + INGENIERIA EN DISENO INDUSTRIAL Y DESARROLLO DEL PRODUCTO;ESCUELA DE INGENIERIAS INDUSTRIALES;IYA;12,313
2022;MALAGA;724501;INGENIERIA QUIMICA;FACULTAD DE CIENCIAS;IYA;5,000
2022;MALAGA;721002;INGENIERIA TELEMATICA;ESCUELA TECNICA SUPERIOR DE INGENIERIA DE TELECOMUNICACION;IYA;5,000
2022;MALAGA;705006;LOGOPEDIA;FACULTAD DE PSICOLOGIA Y LOGOPEDIA;SD;7,690
2022;MALAGA;749002;MARKETING E INVESTIGACION DE MERCADOS;FACULTAD DE COMERCIO Y GESTION;SYJ;7,483
2022;MALAGA;739007;MATEMATICAS;FACULTAD DE CIENCIAS;C;12,120
2022;MALAGA;723409;MATEMATICAS + INGENIERIA INFORMATICA;ESCUELA TECNICA SUPERIOR DE INGENIERIA INFORMATICA;SIN;13,292
2022;MALAGA;739503;MEDICINA;FACULTAD DE MEDICINA;SD;13,340
2022;MALAGA;740506;PEDAGOGIA;FACULTAD CIENCIAS DE LA EDUCACION;SYJ;8,147
2022;MALAGA;741003;PERIODISMO;FACULTAD CIENCIAS DE LA COMUNICACION;SYJ;7,833
2022;MALAGA;707003;PODOLOGIA;FACULTAD DE CIENCIAS DE LA SALUD;SD;9,759
2022;MALAGA;741501;PSICOLOGIA;FACULTAD DE PSICOLOGIA Y LOGOPEDIA;SD;10,999
2022;MALAGA;742007;PUBLICIDAD Y RELACIONES PUBLICAS;FACULTAD CIENCIAS DE LA COMUNICACION;SYJ;9,505
2022;MALAGA;742503;QUIMICA;FACULTAD DE CIENCIAS;C;6,860
2022;MALAGA;708007;RELACIONES LABORALES Y RECURSOS HUMANOS;FACULTAD DE ESTUDIOS SOCIALES Y DEL TRABAJO;SYJ;5,000
2022;MALAGA;708201;TERAPIA OCUPACIONAL;FACULTAD DE CIENCIAS DE LA SALUD;SD;9,600
2022;MALAGA;708518;TRABAJO SOCIAL;FACULTAD DE ESTUDIOS SOCIALES Y DEL TRABAJO;SYJ;7,850
2022;MALAGA;743205;TRADUCCION E INTERPRETACION FRANCES;FACULTAD DE FILOSOFIA Y LETRAS;AYH;5,000
2022;MALAGA;743302;TRADUCCION E INTERPRETACION INGLES;FACULTAD DE FILOSOFIA Y LETRAS;AYH;11,205
2022;MALAGA;708708;TURISMO;FACULTAD DE TURISMO;SYJ;5,000
2022;MALAGA;708406;TURISMO + TRADUCCION E INTERPRETACION FRANCES;FACULTAD DE TURISMO;SIN;9,319
2022;MALAGA;708902;TURISMO + TRADUCCION E INTERPRETACION INGLES;FACULTAD DE TURISMO;SIN;10,815
2022;SEVILLA;825501;ADMINISTRACION Y DIRECCION DE EMPRESAS;FACULTAD DE CIENCIAS ECONOMICAS Y EMPRESARIALES;SYJ;9,135
2022;SEVILLA;825609;ADMINISTRACION Y DIRECCION DE EMPRESAS + DERECHO;FAC.  DE DERECHO Y FAC.  DE CC. ECON. Y EMPRESARIALES;SYJ;11,339
2022;SEVILLA;825516;ADMINISTRACION Y DIRECCION DE EMPRESAS (GRUPO EN INGLES);FACULTAD DE CIENCIAS ECONOMICAS Y EMPRESARIALES;SYJ;10,768
2022;SEVILLA;891505;ANTROPOLOGIA SOCIAL Y CULTURAL;FACULTAD DE GEOGRAFIA E HISTORIA;SYJ;5,000
2022;SEVILLA;853004;ARQUEOLOGIA;FACULTAD DE GEOGRAFIA E HISTORIA;AYH;8,840
2022;SEVILLA;826009;BELLAS ARTES;FACULTAD DE BELLAS ARTES;AYH;9,234
2022;SEVILLA;826505;BIOLOGIA;FACULTAD DE BIOLOGIA;C;10,235
2022;SEVILLA;852000;BIOMEDICINA BASICA Y EXPERIMENTAL;FACULTAD DE MEDICINA;SD;13,296
2022;SEVILLA;892002;BIOQUIMICA;FACULTAD DE BIOLOGIA;C;12,350
2022;SEVILLA;827509;CIENCIAS DE LA ACTIVIDAD FISICA Y DEL DEPORTE;FACULTAD DE CIENCIAS DE LA EDUCACION;SYJ;11,507
2022;SEVILLA;827513;CIENCIAS DE LA ACTIVIDAD FISICA Y DEL DEPORTE;CENTRO ESTUDIOS UNIVERSITARIO  CARDENAL SPINOLA  (ADS.);SYJ;5,000
2022;SEVILLA;827528;CIENCIAS DE LA ACTIVIDAD FISICA Y DEL DEPORTE;CENTRO UNIVERSITARIO DE OSUNA (ADS.);SYJ;8,918
2022;SEVILLA;829014;COMUNICACION AUDIOVISUAL;CENTRO DE ESTUDIOS UNIVERSITARIOS EUSA (ADSCRITO);SYJ;5,000
2022;SEVILLA;829001;COMUNICACION AUDIOVISUAL;FACULTAD DE COMUNICACION;SYJ;9,285
2022;SEVILLA;826203;CONSERVACION Y RESTAURACION DE BIENES CULTURALES;FACULTAD DE BELLAS ARTES;AYH;7,740
2022;SEVILLA;892601;CRIMINOLOGIA;FACULTAD DE DERECHO;SYJ;10,942
2022;SEVILLA;829510;DERECHO;CENTRO ESTUDIOS UNIVERSITARIO  CARDENAL SPINOLA  (ADS.);SYJ;5,000
2022;SEVILLA;829506;DERECHO;FACULTAD DE DERECHO;SYJ;9,989
2022;SEVILLA;851600;DERECHO + ECONOMIA;FAC.  DE DERECHO Y FAC.  DE CC. ECON. Y EMPRESARIALES;SYJ;13,137
2022;SEVILLA;829808;DERECHO + FILOSOFIA;FACULTAD DE DERECHO;SIN;10,445
2022;SEVILLA;829700;DERECHO + FINANZAS Y CONTABILIDAD;FACULTAD DE DERECHO;SYJ;10,684
2022;SEVILLA;830002;ECONOMIA;FACULTAD DE CIENCIAS ECONOMICAS Y EMPRESARIALES;SYJ;9,086
2022;SEVILLA;801014;EDIFICACION (antes Arquitectura TEcnica);ESCUELA TECNICA SUPERIOR DE INGENIERIA DE EDIFICACION;IYA;5,000
2022;SEVILLA;845502;EDUCACION INFANTIL;FACULTAD DE CIENCIAS DE LA EDUCACION;SYJ;10,800
2022;SEVILLA;845521;EDUCACION INFANTIL;CENTRO UNIVERSITARIO DE OSUNA (ADS.);SYJ;5,000
2022;SEVILLA;845517;EDUCACION INFANTIL;CENTRO ESTUDIOS UNIVERSITARIO  CARDENAL SPINOLA  (ADS.);SYJ;5,000
2022;SEVILLA;845614;EDUCACION INFANTIL + EDUCACION PRIMARIA;CENTRO UNIVERSITARIO DE OSUNA (ADS.);SYJ;5,000
2022;SEVILLA;845601;EDUCACION INFANTIL + EDUCACION PRIMARIA;FACULTAD DE CIENCIAS DE LA EDUCACION;SYJ;13,336
2022;SEVILLA;846531;EDUCACION PRIMARIA;CENTRO UNIVERSITARIO DE OSUNA (ADS.);SYJ;5,000
2022;SEVILLA;846506;EDUCACION PRIMARIA;FACULTAD DE CIENCIAS DE LA EDUCACION;SYJ;10,463
2022;SEVILLA;846525;EDUCACION PRIMARIA;CENTRO ESTUDIOS UNIVERSITARIO  CARDENAL SPINOLA  (ADS.);SYJ;5,000
2022;SEVILLA;846603;EDUCACION PRIMARIA + ESTUDIOS FRANCESES;FACULTAD DE CIENCIAS DE LA EDUCACION-FACULTAD DE FILOLOGIA;SIN;10,312
2022;SEVILLA;802501;ENFERMERIA;FACULTAD DE ENFER., FISIOT. Y PODOL.;SD;12,543
2022;SEVILLA;802552;ENFERMERIA;CENTRO DE ENFERMERIA DE SAN JUAN DE DIOS (ADS.);SD;11,729
2022;SEVILLA;802514;ENFERMERIA;CENTRO DE ENFERMERIA DE LA CRUZ ROJA (ADS.);SD;11,860
2022;SEVILLA;802533;ENFERMERIA;CENTRO UNIVERSITARIO DE OSUNA (ADS.);SD;11,420
2022;SEVILLA;803007;ESTADISTICA;FACULTAD DE MATEMATICAS;C;12,007
2022;SEVILLA;831502;ESTUDIOS ARABES E ISLAMICOS;FACULTAD DE FILOLOGIA;AYH;5,000
2022;SEVILLA;850501;ESTUDIOS DE ASIA ORIENTAL;FACULTAD DE FILOSOFIA;AYH;7,878
2022;SEVILLA;833003;ESTUDIOS FRANCESES;FACULTAD DE FILOLOGIA;AYH;5,000
2022;SEVILLA;834503;ESTUDIOS INGLESES;FACULTAD DE FILOLOGIA;AYH;7,691
2022;SEVILLA;830509;FARMACIA;FACULTAD DE FARMACIA;SD;10,720
2022;SEVILLA;830606;FARMACIA + OPTICA Y OPTOMETRIA;FACULTAD DE FARMACIA;SD;12,866
2022;SEVILLA;832001;FILOLOGIA CLASICA;FACULTAD DE FILOLOGIA;AYH;5,000
2022;SEVILLA;834201;FILOLOGIA CLASICA + FILOLOGIA HISPANICA;FACULTAD DE FILOLOGIA;AYH;12,929
2022;SEVILLA;834007;FILOLOGIA HISPANICA;FACULTAD DE FILOLOGIA;AYH;5,000
2022;SEVILLA;835507;FILOSOFIA;FACULTAD DE FILOSOFIA;AYH;5,000
2022;SEVILLA;802003;FINANZAS Y CONTABILIDAD;FACULTAD DE TURISMO Y FINANZAS;SYJ;5,000
2022;SEVILLA;802018;FINANZAS Y CONTABILIDAD;CENTRO UNIVERSITARIO DE OSUNA (ADS.);SYJ;5,000
2022;SEVILLA;802100;FINANZAS Y CONTABILIDAD + RELACIONES LABORALES Y RECURSOS HUMANOS;CENTRO UNIVERSITARIO DE OSUNA (ADS.);SYJ;5,000
2022;SEVILLA;802115;FINANZAS Y CONTABILIDAD + RELACIONES LABORALES Y RECURSOS HUMANOS;FACULTAD DE CIENCIAS DEL TRABAJO;SYJ;5,000
2022;SEVILLA;802022;FINANZAS Y CONTABILIDAD (GRUPO EN INGLES);FACULTAD DE TURISMO Y FINANZAS;SYJ;5,000
2022;SEVILLA;836004;FISICA;FACULTAD DE FISICA;C;11,880
2022;SEVILLA;836101;FISICA + INGENIERIA DE MATERIALES;FACULTAD DE FISICA;SIN;12,177
2022;SEVILLA;839404;FISICA + MATEMATICAS;FACULTAD DE MATEMATICAS;C;13,695
2022;SEVILLA;803518;FISIOTERAPIA;CENTRO UNIVERSITARIO DE OSUNA (ADS.);SD;10,280
2022;SEVILLA;803503;FISIOTERAPIA;FACULTAD DE ENFERMERIA, FISIOTERAPIA Y PODOLOGIA;SD;12,402
2022;SEVILLA;803615;FISIOTERAPIA + CIENCIAS DE LA ACTIVIDAD FISICA Y DEL DEPORTE;CENTRO UNIVERSITARIO DE OSUNA (ADS.);SIN;11,323
2022;SEVILLA;803600;FISIOTERAPIA + CIENCIAS DE LA ACTIVIDAD FISICA Y DEL DEPORTE;FACULTAD DE CIENCIAS DE LA EDUCACION;SIN;13,280
2022;SEVILLA;800502;FUNDAMENTOS DE ARQUITECTURA;ESCUELA TECNICA SUPERIOR DE ARQUITECTURA;IYA;9,071
2022;SEVILLA;836705;GEOGRAFIA Y GESTION DEL TERRITORIO;FACULTAD DE GEOGRAFIA E HISTORIA;SYJ;5,000
2022;SEVILLA;836901;GEOGRAFIA Y GESTION DEL TERRITORIO + HISTORIA;FACULTAD DE GEOGRAFIA E HISTORIA;AYH;8,027
2022;SEVILLA;837504;HISTORIA;FACULTAD DE GEOGRAFIA E HISTORIA;AYH;6,460
2022;SEVILLA;838001;HISTORIA DEL ARTE;FACULTAD DE GEOGRAFIA E HISTORIA;AYH;5,000
2022;SEVILLA;821701;INGENIERIA AEROESPACIAL;ESCUELA TECNICA SUPERIOR DE INGENIERIA;IYA;12,652
2022;SEVILLA;822004;INGENIERIA AGRICOLA;E.T.S. INGENIERIA AGRONOMICA;IYA;5,000
2022;SEVILLA;822209;INGENIERIA AGRICOLA (US) + CIENCIAS AMBIENTALES (UPO);E.T.S. INGENIERIA AGRONOMICA;SIN;5,000
2022;SEVILLA;822500;INGENIERIA CIVIL;ESCUELA TECNICA SUPERIOR DE INGENIERIA;IYA;5,000
2022;SEVILLA;816801;INGENIERIA DE LA ENERGIA;ESCUELA TECNICA SUPERIOR DE INGENIERIA;IYA;8,409
2022;SEVILLA;850003;INGENIERIA DE LA SALUD;ESCUELA TECNICA SUPERIOR DE INGENIERIA INFORMATICA;IYA;9,175
2022;SEVILLA;891300;INGENIERIA DE MATERIALES;FACULTAD DE FISICA;IYA;5,000
2022;SEVILLA;895501;INGENIERIA DE ORGANIZACION INDUSTRIAL;ESCUELA TECNICA SUPERIOR DE INGENIERIA;IYA;10,811
2022;SEVILLA;825005;INGENIERIA DE TECNOLOGIAS DE TELECOMUNICACION;ESCUELA TECNICA SUPERIOR DE INGENIERIA;IYA;5,000
2022;SEVILLA;812505;INGENIERIA ELECTRICA;ESCUELA POLITECNICA SUPERIOR;IYA;5,000
2022;SEVILLA;812701;INGENIERIA ELECTRICA + ING. ELECTRONICA INDUSTRIAL;ESCUELA POLITECNICA SUPERIOR;IYA;8,366
2022;SEVILLA;813002;INGENIERIA ELECTRONICA INDUSTRIAL;ESCUELA POLITECNICA SUPERIOR;IYA;5,000
2022;SEVILLA;813017;INGENIERIA ELECTRONICA, ROBOTICA Y MECATRONICA;ESCUELA TECNICA SUPERIOR DE INGENIERIA;IYA;11,571
2022;SEVILLA;811201;INGENIERIA EN DISENO INDUSTRIAL Y DESARROLLO DEL PRODUCTO;ESCUELA POLITECNICA SUPERIOR;IYA;9,928
2022;SEVILLA;823008;INGENIERIA EN TECNOLOGIAS INDUSTRIALES;ESCUELA TECNICA SUPERIOR DE INGENIERIA;IYA;9,575
2022;SEVILLA;815001;INGENIERIA INFORMATICA. INGENIERIA DE COMPUTADORES;ESCUELA TECNICA SUPERIOR DE INGENIERIA INFORMATICA;IYA;8,923
2022;SEVILLA;814502;INGENIERIA INFORMATICA. INGENIERIA DEL SOFTWARE;ESCUELA TECNICA SUPERIOR DE INGENIERIA INFORMATICA;IYA;11,180
2022;SEVILLA;814517;INGENIERIA INFORMATICA. INGENIERIA DEL SOFTWARE (GRUPO EN INGLES);ESCUELA TECNICA SUPERIOR DE INGENIERIA INFORMATICA;IYA;12,779
2022;SEVILLA;823504;INGENIERIA INFORMATICA. TECNOLOGIA INFORMATICA;ESCUELA TECNICA SUPERIOR DE INGENIERIA INFORMATICA;IYA;9,375
2022;SEVILLA;823301;INGENIERIA INFORMATICA. TECNOLOGIA INFORMATICA + MATEMATICAS;ESCUELA TECNICA SUPERIOR DE INGENIERIA INFORMATICA;SIN;13,470
2022;SEVILLA;813509;INGENIERIA MECANICA;ESCUELA POLITECNICA SUPERIOR;IYA;6,911
2022;SEVILLA;812807;INGENIERIA MECANICA + INGENIERIA ELECTRICA;ESCUELA POLITECNICA SUPERIOR;IYA;11,400
2022;SEVILLA;811307;INGENIERIA MECANICA + INGENIERIA EN DISENO INDUSTRIAL Y DESARROLLO DEL PRODUCTO;ESCUELA POLITECNICA SUPERIOR;IYA;12,564
2022;SEVILLA;824508;INGENIERIA QUIMICA;ESCUELA TECNICA SUPERIOR DE INGENIERIA;IYA;5,000
2022;SEVILLA;814006;INGENIERIA QUIMICA INDUSTRIAL;ESCUELA POLITECNICA SUPERIOR;IYA;5,000
2022;SEVILLA;831200;LENGUA Y LITERATURA ALEMANAS;FACULTAD DE FILOLOGIA;AYH;5,000
2022;SEVILLA;831308;LENGUA Y LITERATURA ALEMANAS + EDUCACION PRIMARIA;FACULTAD DE CIENCIAS DE LA EDUCACION;SIN;7,493
2022;SEVILLA;849008;MARKETING E INVESTIGACION DE MERCADOS;FACULTAD DE CIENCIAS ECONOMICAS Y EMPRESARIALES;SYJ;11,000
2022;SEVILLA;839005;MATEMATICAS;FACULTAD DE MATEMATICAS;C;12,060
2022;SEVILLA;839307;MATEMATICAS + ESTADISTICA;FACULTAD DE MATEMATICAS;C;13,316
2022;SEVILLA;839501;MEDICINA;FACULTAD DE MEDICINA;SD;13,442
2022;SEVILLA;840008;ODONTOLOGIA;FACULTAD DE ODONTOLOGIA;SD;12,994
2022;SEVILLA;806504;OPTICA Y OPTOMETRIA;FACULTAD DE FARMACIA;SD;7,920
2022;SEVILLA;840504;PEDAGOGIA;FACULTAD DE CIENCIAS DE LA EDUCACION;SYJ;8,750
2022;SEVILLA;841016;PERIODISMO;CENTRO DE ESTUDIOS UNIVERSITARIOS EUSA (ADSCRITO);SYJ;5,000
2022;SEVILLA;841001;PERIODISMO;FACULTAD DE COMUNICACION;SYJ;6,620
2022;SEVILLA;841113;PERIODISMO + COMUNICACION AUDIOVISUAL;CENTRO DE ESTUDIOS UNIVERSITARIOS EUSA (ADSCRITO);SYJ;5,000
2022;SEVILLA;841109;PERIODISMO + COMUNICACION AUDIOVISUAL;FACULTAD DE COMUNICACION;SYJ;13,178
2022;SEVILLA;807001;PODOLOGIA;FACULTAD DE ENFERMERIA, FISIOTERAPIA Y PODOLOGIA;SD;10,310
2022;SEVILLA;841508;PSICOLOGIA;FACULTAD DE PSICOLOGIA;SD;11,645
2022;SEVILLA;842010;PUBLICIDAD Y RELACIONES PUBLICAS;CENTRO DE ESTUDIOS UNIVERSITARIOS EUSA (ADSCRITO);SYJ;5,000
2022;SEVILLA;842005;PUBLICIDAD Y RELACIONES PUBLICAS;FACULTAD DE COMUNICACION;SYJ;10,311
2022;SEVILLA;842501;QUIMICA;FACULTAD DE QUIMICA;C;5,000
2022;SEVILLA;842405;QUIMICA + INGENIERIA DE MATERIALES;FACULTAD DE QUIMICA;SIN;7,278
2022;SEVILLA;808011;RELACIONES LABORALES Y RECURSOS HUMANOS;CENTRO UNIVERSITARIO DE OSUNA (ADS.);SYJ;5,000
2022;SEVILLA;808005;RELACIONES LABORALES Y RECURSOS HUMANOS;FACULTAD DE CIENCIAS DEL TRABAJO;SYJ;5,000
2022;SEVILLA;808710;TURISMO;FACULTAD DE TURISMO Y FINANZAS;SYJ;5,000
2022;SEVILLA;808706;TURISMO;CENTRO DE ESTUDIOS UNIVERSITARIOS EUSA (ADSCRITO);SYJ;5,000
2022;SEVILLA;808725;TURISMO (GRUPO EN INGLES);FACULTAD DE TURISMO Y FINANZAS;SYJ;5,000
2022;P. OLAVIDE;925529;ADMINISTRACION Y DIRECCION DE EMPRESAS;CENTRO UNIVERSITARIO SAN ISIDORO (ADS.);SYJ;5,000
2022;P. OLAVIDE;925501;ADMINISTRACION Y DIRECCION DE EMPRESAS;FACULTAD CIENCIAS EMPRESARIALES;SYJ;9,948
2022;P. OLAVIDE;925626;ADMINISTRACION Y DIRECCION DE EMPRESAS + DERECHO;CENTRO UNIVERSITARIO SAN ISIDORO (ADS.);SYJ;5,000
2022;P. OLAVIDE;925607;ADMINISTRACION Y DIRECCION DE EMPRESAS + DERECHO;FACULTAD CIENCIAS EMPRESARIALES + DERECHO;SYJ;11,515
2022;P. OLAVIDE;925611;ADMINISTRACION Y DIRECCION DE EMPRESAS + DERECHO (grupo formacion bilingue);FACULTAD CIENCIAS EMPRESARIALES + DERECHO;SYJ;12,253
2022;P. OLAVIDE;925514;ADMINISTRACION Y DIRECCION DE EMPRESAS (grupo formaciOn en ingles);FACULTAD CIENCIAS EMPRESARIALES;SYJ;11,970
2022;P. OLAVIDE;951005;ANALISIS ECONOMICO;FACULTAD CIENCIAS EMPRESARIALES;SYJ;5,000
2022;P. OLAVIDE;926708;BIOTECNOLOGIA;FACULTAD CIENCIAS EXPERIMENTALES;C;12,717
2022;P. OLAVIDE;927000;CIENCIAS AMBIENTALES;FACULTAD CIENCIAS EXPERIMENTALES;C;5,000
2022;P. OLAVIDE;927302;CIENCIAS AMBIENTALES + GEOGRAFIA E HISTORIA;FACULTAD CIENCIAS EXPERIMENTALES;SIN;5,000
2022;P. OLAVIDE;927511;CIENCIAS DE LA ACTIVIDAD FISICA Y DEL DEPORTE;CENTRO UNIVERSITARIO SAN ISIDORO (ADS.);SYJ;5,000
2022;P. OLAVIDE;927507;CIENCIAS DE LA ACTIVIDAD FISICA Y DEL DEPORTE;FACULTAD DE CIENCIAS DEL DEPORTE;SYJ;11,500
2022;P. OLAVIDE;928500;CIENCIAS POLITICAS Y DE LA ADMINISTRACION;FACULTAD DE DERECHO;SYJ;9,410
2022;P. OLAVIDE;929008;COMUNICACION;CENTRO UNIVERSITARIO SAN ISIDORO (ADS.);SYJ;5,000
2022;P. OLAVIDE;929105;COMUNICACION + COMUNICACION DIGITAL;CENTRO UNIVERSITARIO SAN ISIDORO (ADS.);SYJ;5,000
2022;P. OLAVIDE;929202;COMUNICACION DIGITAL;CENTRO UNIVERSITARIO SAN ISIDORO (ADS.);SYJ;5,000
2022;P. OLAVIDE;992604;CRIMINOLOGIA;FACULTAD DE DERECHO;SYJ;10,948
2022;P. OLAVIDE;929504;DERECHO;FACULTAD DE DERECHO;SYJ;9,875
2022;P. OLAVIDE;929519;DERECHO;CENTRO UNIVERSITARIO SAN ISIDORO (ADS.);SYJ;5,000
2022;P. OLAVIDE;929806;DERECHO + CIENCIAS POLITICAS Y DE LA ADMINISTRACION;FACULTAD DE DERECHO;SYJ;9,647
2022;P. OLAVIDE;951501;DERECHO + CRIMINOLOGIA;FACULTAD DE DERECHO;SYJ;12,588
2022;P. OLAVIDE;929709;DERECHO + FINANZAS Y CONTABILIDAD;FACULTAD DE DERECHO;SYJ;9,676
2022;P. OLAVIDE;929903;DERECHO + RELACIONES LABORALES Y RECURSOS HUMANOS;FACULTAD DE DERECHO;SYJ;11,275
2022;P. OLAVIDE;929407;DERECHO Y BACHELOR OF LAWS (UNIVERSIDAD DE BAYREUTH);FACULTAD DE DERECHO;SYJ;5,000
2022;P. OLAVIDE;902206;EDUCACION SOCIAL;FACULTAD DE CIENCIAS SOCIALES;SYJ;9,040
2022;P. OLAVIDE;902001;FINANZAS Y CONTABILIDAD;FACULTAD CIENCIAS EMPRESARIALES;SYJ;5,000
2022;P. OLAVIDE;903516;FISIOTERAPIA;CENTRO UNIVERSITARIO SAN ISIDORO (ADS.);SD;5,000
2022;P. OLAVIDE;936801;GEOGRAFIA E HISTORIA;FACULTAD DE HUMANIDADES;AYH;5,000
2022;P. OLAVIDE;909503;GEOGRAFIA E HISTORIA + RELACIONES INTERNACIONALES;FACULTAD DE HUMANIDADES;SIN;12,577
2022;P. OLAVIDE;938506;HUMANIDADES;FACULTAD DE HUMANIDADES;AYH;5,000
2022;P. OLAVIDE;938808;HUMANIDADES + TRADUCCION E INTERPRETACION (INGLES);FACULTAD DE HUMANIDADES;AYH;5,000
2022;P. OLAVIDE;914500;INGENIERIA INFORMATICA EN SISTEMAS DE INFORMACION;ESCUELA POLITECNICA SUPERIOR;IYA;8,420
2022;P. OLAVIDE;906200;NUTRICION HUMANA Y DIETETICA;FACULTAD CIENCIAS EXPERIMENTALES;SD;10,576
2022;P. OLAVIDE;909007;RELACIONES INTERNACIONALES;FACULTAD DE DERECHO;SYJ;13,035
2022;P. OLAVIDE;909201;RELACIONES INTERNACIONALES + CIENCIAS POLITICAS Y DE LA ADMINISTRACION;FACULTAD DE DERECHO;SYJ;13,078
2022;P. OLAVIDE;909104;RELACIONES INTERNACIONALES + DERECHO;FACULTAD DE DERECHO;SYJ;13,262
2022;P. OLAVIDE;908003;RELACIONES LABORALES Y RECURSOS HUMANOS;FACULTAD DE DERECHO;SYJ;5,000
2022;P. OLAVIDE;942704;SOCIOLOGIA;FACULTAD DE CIENCIAS SOCIALES;SYJ;5,000
2022;P. OLAVIDE;999103;SOCIOLOGIA + CIENCIAS POLITICAS Y DE LA ADMINISTRACION;FACULTAD DE CIENCIAS SOCIALES;SYJ;5,000
2022;P. OLAVIDE;908501;TRABAJO SOCIAL;FACULTAD DE CIENCIAS SOCIALES;SYJ;8,460
2022;P. OLAVIDE;902303;TRABAJO SOCIAL + EDUCACION SOCIAL;FACULTAD DE CIENCIAS SOCIALES;SYJ;10,768
2022;P. OLAVIDE;908607;TRABAJO SOCIAL + SOCIOLOGIA;FACULTAD DE CIENCIAS SOCIALES;SYJ;6,747
2022;P. OLAVIDE;943104;TRADUCCION E INTERPRETACION ALEMAN;FACULTAD DE HUMANIDADES;AYH;5,000
2022;P. OLAVIDE;909309;TRADUCCION E INTERPRETACION ALEMAN + RELACIONES INTERNACIONALES;FACULTAD DE HUMANIDADES;SIN;13,100
2022;P. OLAVIDE;943201;TRADUCCION E INTERPRETACION FRANCES;FACULTAD DE HUMANIDADES;AYH;10,082
2022;P. OLAVIDE;909406;TRADUCCION E INTERPRETACION FRANCES + RELACIONES INTERNACIONALES;FACULTAD DE HUMANIDADES;SIN;13,640
2022;P. OLAVIDE;943309;TRADUCCION E INTERPRETACION INGLES;FACULTAD DE HUMANIDADES;AYH;10,958
